<?xml version="1.0" encoding="UTF-8"?>
<!DOCTYPE fontscolors PUBLIC "-//NetBeans//DTD Editor Fonts and Colors settings 1.1//EN" "http://www.netbeans.org/dtds/EditorFontsColors-1_1.dtd">
<fontscolors>
    <fontcolor foreColor="ff6bcce4" name="identifier"/>
    <fontcolor foreColor="ff298ad6" name="number"/>
    <fontcolor bgColor="ff1e1e1e" foreColor="ffccffcc" name="default">
        <font name="Consolas" size="13"/>
    </fontcolor>
    <fontcolor foreColor="ff72a83c" name="string"/>
    <fontcolor name="char"/>
    <fontcolor foreColor="ffb7e5b7" name="comment"/>
    <fontcolor foreColor="fff8a4a4" name="keyword"/>
    <fontcolor foreColor="orange" name="separator"/>
    <fontcolor name="operator"/>
</fontscolors>
